{
    "BackgroundColor": [0.94,0.94,0.94],
    "BorderColor": "#002054",
    "BackgroundColorEdit": [1, 1, 1],
    "TextColor": [0, 0, 0],
    "PrimaryColorA": [0.0, 0.12549019607843138, 0.32941176470588237],
    "PrimaryColorB": [0.09019607843137255, 0.6549019607843137, 1.0],
    "PrimaryColorC": [0.9647058823529412, 0.9725490196078431, 0.9882352941176471],
    "SecondaryColorA": [0.1803921568627451, 0.6901960784313725, 1.0],
    "SecondaryColorB": [0.36470588235294118, 0.7568627450980392, 1.0],
    "SecondaryColorC": [0.9921568627450981, 0.9686274509803922, 0.9803921568627451]
}
